point,X,Y,Z,u,v
1,0,0,0,182.278494624,449.697849462
2,15.75,-15.75,9.55,260.45483871,434.282795699
3,31.5,-31.5,19.1,340.833333333,422.170967742
4,47.25,-47.25,28.65,434.424731183,407.856989247
5,63,-63,38.2,533.521505376,391.340860215
6,78.75,0,38.2,601.788172043,286.738709677
7,94.5,-15.75,28.65,687.672043011,362.712903226
8,110.25,-31.5,19.1,770.252688172,439.788172043
9,126,-47.25,9.55,863.844086022,522.368817204
10,141.75,-63,0,954.132258065,606.050537634
11,149.75,0,0,932.110752688,476.123655914
12,165.5,-15.75,9.55,1030.10645161,466.213978495
13,181.25,-31.5,19.1,1131.40537634,453.001075269
14,197,-47.25,28.65,1241.51290323,439.788172043
15,212.75,-63,38.2,1351.62043011,423.272043011
16,228.5,0,38.2,1321.89139785,319.770967742
17,244.25,-15.75,28.65,1408.87634409,389.138709677
18,260,-31.5,19.1,1496.96236559,461.809677419
19,275.75,-47.25,9.55,1593.85698925,535.58172043
20,291.5,-63,0,1690.7516129,606.050537634
21,299.5,0,0,1589.45268817,491.538709677
22,315.25,-15.75,9.55,1691.85268817,477.224731183
23,331,-31.5,19.1,1804.16236559,462.910752688
24,346.75,-47.25,28.65,1921.97741935,448.596774194
25,362.5,-63,38.2,2041.99462366,432.080645161
